gastronomy,What are the main challenges in gastronomy?,Concluída
gastronomy,What are the latest news in gastronomy?,Concluída
gastronomy,How to make money with gastronomy,Concluída
gastronomy,How does gastronomy impact society?,Concluída
gastronomy,Who are the leading experts in gastronomy?,Concluída
gastronomy,What is gastronomy?,Concluída
art,How does art impact society?,Concluída
art,What is art?,Concluída
art,Who are the leading experts in art?,Concluída
art,How to make money with art,Concluída
art,What are the latest news in art?,Concluída
art,What are the main challenges in art?,Concluída
astronomy,How to make money with astronomy,Concluída
astronomy,What are the main challenges in astronomy?,Concluída
astronomy,How does astronomy impact society?,Concluída
astronomy,What are the latest news in astronomy?,Concluída
astronomy,Who are the leading experts in astronomy?,Concluída
astronomy,What is astronomy?,Concluída
politics,How does politics impact society?,Concluída
politics,Who are the leading experts in politics?,Concluída
politics,What are the latest news in politics?,Concluída
politics,What are the main challenges in politics?,Concluída
politics,What is politics?,Concluída
politics,How to make money with politics,Concluída
economy,How to make money with economy,Concluída
economy,What is economy?,Concluída
economy,Who are the leading experts in economy?,Concluída
economy,How does economy impact society?,Concluída
economy,What are the main challenges in economy?,Concluída
economy,What are the latest news in economy?,Concluída
engineering,What are the main challenges in engineering?,Concluída
engineering,What is engineering?,Concluída
engineering,How does engineering impact society?,Concluída
engineering,How to make money with engineering,Concluída
engineering,Who are the leading experts in engineering?,Concluída
engineering,What are the latest news in engineering?,Concluída
philosophy,What are the main challenges in philosophy?,Concluída
fashion,What are the main challenges in fashion?,Concluída
fashion,Who are the leading experts in fashion?,Concluída
fashion,How does fashion impact society?,Concluída
fashion,What is fashion?,Concluída
fashion,How to make money with fashion,Concluída
fashion,What are the latest news in fashion?,Concluída
education,How to make money with education,Concluída
education,What are the main challenges in education?,Concluída
education,Who are the leading experts in education?,Concluída
education,How does education impact society?,Concluída
education,What are the latest news in education?,Concluída
education,What is education?,Concluída
biology,Who are the leading experts in biology?,Concluída
biology,How to make money with biology,Concluída
biology,What are the latest news in biology?,Concluída
biology,How does biology impact society?,Concluída
biology,What is biology?,Concluída
biology,What are the main challenges in biology?,Concluída
politics,How does politics impact society?,Concluída
politics,What is politics?,Concluída
politics,Who are the leading experts in politics?,Concluída
politics,What are the main challenges in politics?,Concluída
politics,How to make money with politics,Concluída
politics,What are the latest news in politics?,Concluída
literature,How to make money with literature,Concluída
literature,How does literature impact society?,Concluída
literature,Who are the leading experts in literature?,Concluída
literature,What is literature?,Concluída
literature,What are the latest news in literature?,Concluída
literature,What are the main challenges in literature?,Concluída
astronomy,What are the main challenges in astronomy?,Concluída
astronomy,How to make money with astronomy,Concluída
astronomy,Who are the leading experts in astronomy?,Concluída
astronomy,What are the latest news in astronomy?,Concluída
astronomy,What is astronomy?,Concluída
astronomy,How does astronomy impact society?,Concluída
finance,What are the main challenges in finance?,Concluída
finance,What are the latest news in finance?,Concluída
finance,Who are the leading experts in finance?,Concluída
finance,What is finance?,Concluída
finance,How to make money with finance,Concluída
finance,How does finance impact society?,Concluída
engineering,What are the main challenges in engineering?,Concluída
engineering,How to make money with engineering,Concluída
engineering,What are the latest news in engineering?,Concluída
engineering,What is engineering?,Concluída
engineering,How does engineering impact society?,Concluída
engineering,Who are the leading experts in engineering?,Concluída
finance,Who are the leading experts in finance?,Concluída
finance,How does finance impact society?,Concluída
finance,How to make money with finance,Concluída
finance,What is finance?,Concluída
finance,What are the main challenges in finance?,Concluída
finance,What are the latest news in finance?,Concluída
health,What are the main challenges in health?,Concluída
health,What is health?,Concluída
health,How to make money with health,Concluída
health,Who are the leading experts in health?,Concluída
health,What are the latest news in health?,Concluída
health,How does health impact society?,Concluída
marketing,How does marketing impact society?,Concluída
marketing,Who are the leading experts in marketing?,Concluída
marketing,How to make money with marketing,Concluída
marketing,What are the main challenges in marketing?,Concluída
marketing,What are the latest news in marketing?,Concluída
marketing,What is marketing?,Concluída
art,How does art impact society?,Concluída
art,What are the main challenges in art?,Concluída
art,Who are the leading experts in art?,Concluída
art,What is art?,Concluída
art,What are the latest news in art?,Concluída
art,How to make money with art,Concluída
medicine,What are the main challenges in medicine?,Concluída
engineering,What is engineering?,Concluída
medicine,What is medicine?,Concluída
engineering,How to make money with engineering,Concluída
medicine,Who are the leading experts in medicine?,Concluída
engineering,What are the latest news in engineering?,Concluída
medicine,What are the latest news in medicine?,Concluída
engineering,Who are the leading experts in engineering?,Concluída
medicine,How to make money with medicine,Concluída
engineering,What are the main challenges in engineering?,Concluída
medicine,How does medicine impact society?,Concluída
engineering,How does engineering impact society?,Concluída
fashion,Who are the leading experts in fashion?,Concluída
politics,What is politics?,Concluída
fashion,What are the latest news in fashion?,Concluída
politics,How to make money with politics,Concluída
fashion,How does fashion impact society?,Concluída
politics,What are the main challenges in politics?,Concluída
fashion,What is fashion?,Concluída
politics,What are the latest news in politics?,Concluída
fashion,How to make money with fashion,Concluída
politics,How does politics impact society?,Concluída
fashion,What are the main challenges in fashion?,Concluída
politics,Who are the leading experts in politics?,Concluída
marketing,Who are the leading experts in marketing?,Concluída
education,What are the main challenges in education?,Concluída
marketing,What are the latest news in marketing?,Concluída
education,What is education?,Concluída
marketing,What is marketing?,Concluída
education,How to make money with education,Concluída
marketing,What are the main challenges in marketing?,Concluída
education,What are the latest news in education?,Concluída
marketing,How does marketing impact society?,Concluída
education,Who are the leading experts in education?,Concluída
marketing,How to make money with marketing,Concluída
education,How does education impact society?,Concluída
administration,What are the main challenges in administration?,Concluída
anthropology,Who are the leading experts in anthropology?,Concluída
administration,How does administration impact society?,Concluída
anthropology,How does anthropology impact society?,Concluída
administration,How to make money with administration,Concluída
anthropology,How to make money with anthropology,Concluída
administration,Who are the leading experts in administration?,Concluída
anthropology,What is anthropology?,Concluída
administration,What is administration?,Concluída
anthropology,What are the main challenges in anthropology?,Concluída
administration,What are the latest news in administration?,Concluída
anthropology,What are the latest news in anthropology?,Concluída
fashion,What are the main challenges in fashion?,Concluída
science,How to make money with science,Concluída
fashion,Who are the leading experts in fashion?,Concluída
science,What are the latest news in science?,Concluída
fashion,How does fashion impact society?,Concluída
science,How does science impact society?,Concluída
fashion,What is fashion?,Concluída
science,Who are the leading experts in science?,Concluída
fashion,What are the latest news in fashion?,Concluída
science,What are the main challenges in science?,Concluída
fashion,How to make money with fashion,Concluída
science,What is science?,Concluída
administration,What are the main challenges in administration?,Concluída
literature,What is literature?,Concluída
administration,What are the latest news in administration?,Concluída
literature,How to make money with literature,Concluída
administration,How to make money with administration,Concluída
literature,What are the latest news in literature?,Concluída
administration,What is administration?,Concluída
literature,What are the main challenges in literature?,Concluída
administration,Who are the leading experts in administration?,Concluída
literature,How does literature impact society?,Concluída
administration,How does administration impact society?,Concluída
literature,Who are the leading experts in literature?,Concluída
medicine,What are the main challenges in medicine?,Concluída
engineering,What is engineering?,Concluída
medicine,What is medicine?,Concluída
engineering,How to make money with engineering,Concluída
medicine,Who are the leading experts in medicine?,Concluída
engineering,What are the latest news in engineering?,Concluída
medicine,What are the latest news in medicine?,Concluída
engineering,Who are the leading experts in engineering?,Concluída
medicine,How to make money with medicine,Concluída
engineering,What are the main challenges in engineering?,Concluída
medicine,How does medicine impact society?,Concluída
engineering,How does engineering impact society?,Concluída
fashion,Who are the leading experts in fashion?,Concluída
politics,What is politics?,Concluída
fashion,What are the latest news in fashion?,Concluída
politics,How to make money with politics,Concluída
fashion,How does fashion impact society?,Concluída
politics,What are the main challenges in politics?,Concluída
fashion,What is fashion?,Concluída
politics,What are the latest news in politics?,Concluída
fashion,How to make money with fashion,Concluída
politics,How does politics impact society?,Concluída
fashion,What are the main challenges in fashion?,Concluída
politics,Who are the leading experts in politics?,Concluída
marketing,Who are the leading experts in marketing?,Concluída
education,What are the main challenges in education?,Concluída
marketing,What are the latest news in marketing?,Concluída
education,What is education?,Concluída
marketing,What is marketing?,Concluída
education,How to make money with education,Concluída
marketing,What are the main challenges in marketing?,Concluída
education,What are the latest news in education?,Concluída
marketing,How does marketing impact society?,Concluída
education,Who are the leading experts in education?,Concluída
marketing,How to make money with marketing,Concluída
education,How does education impact society?,Concluída
administration,What are the main challenges in administration?,Concluída
anthropology,Who are the leading experts in anthropology?,Concluída
administration,How does administration impact society?,Concluída
anthropology,How does anthropology impact society?,Concluída
administration,How to make money with administration,Concluída
anthropology,How to make money with anthropology,Concluída
administration,Who are the leading experts in administration?,Concluída
anthropology,What is anthropology?,Concluída
administration,What is administration?,Concluída
anthropology,What are the main challenges in anthropology?,Concluída
administration,What are the latest news in administration?,Concluída
anthropology,What are the latest news in anthropology?,Concluída
fashion,What are the main challenges in fashion?,Concluída
science,How to make money with science,Concluída
fashion,Who are the leading experts in fashion?,Concluída
science,What are the latest news in science?,Concluída
fashion,How does fashion impact society?,Concluída
science,How does science impact society?,Concluída
fashion,What is fashion?,Concluída
science,Who are the leading experts in science?,Concluída
fashion,What are the latest news in fashion?,Concluída
science,What are the main challenges in science?,Concluída
fashion,How to make money with fashion,Concluída
science,What is science?,Concluída
administration,What are the main challenges in administration?,Concluída
literature,What is literature?,Concluída
administration,What are the latest news in administration?,Concluída
literature,How to make money with literature,Concluída
administration,How to make money with administration,Concluída
literature,What are the latest news in literature?,Concluída
administration,What is administration?,Concluída
literature,What are the main challenges in literature?,Concluída
administration,Who are the leading experts in administration?,Concluída
literature,How does literature impact society?,Concluída
administration,How does administration impact society?,Concluída
literature,Who are the leading experts in literature?,Concluída
medicine,How to make money with medicine,Concluída
medicine,How does medicine impact society?,Concluída
medicine,Who are the leading experts in medicine?,Concluída
medicine,What are the latest news in medicine?,Concluída
medicine,What are the main challenges in medicine?,Concluída
medicine,What is medicine?,Concluída
science,What are the latest news in science?,Concluída
science,How does science impact society?,Concluída
science,What are the main challenges in science?,Concluída
science,How to make money with science,Concluída
science,Who are the leading experts in science?,Concluída
science,What is science?,Concluída
architecture,What is architecture?,Concluída
architecture,How to make money with architecture,Concluída
architecture,How does architecture impact society?,Concluída
architecture,Who are the leading experts in architecture?,Concluída
architecture,What are the main challenges in architecture?,Concluída
architecture,What are the latest news in architecture?,Concluída
anthropology,What are the main challenges in anthropology?,Concluída
anthropology,What is anthropology?,Concluída
anthropology,How to make money with anthropology,Concluída
anthropology,How does anthropology impact society?,Concluída
anthropology,Who are the leading experts in anthropology?,Concluída
anthropology,What are the latest news in anthropology?,Concluída
history,Who are the leading experts in history?,Concluída
history,How to make money with history,Concluída
history,What is history?,Concluída
history,What are the latest news in history?,Concluída
history,What are the main challenges in history?,Concluída
history,How does history impact society?,Concluída
fashion,What are the main challenges in fashion?,Concluída
fashion,How does fashion impact society?,Concluída
fashion,What are the latest news in fashion?,Concluída
fashion,Who are the leading experts in fashion?,Concluída
fashion,How to make money with fashion,Concluída
fashion,What is fashion?,Concluída
economy,How to make money with economy,Concluída
economy,Who are the leading experts in economy?,Concluída
economy,What are the main challenges in economy?,Concluída
economy,What are the latest news in economy?,Concluída
economy,What is economy?,Concluída
economy,How does economy impact society?,Concluída
art,How does art impact society?,Concluída
art,What are the latest news in art?,Concluída
art,Who are the leading experts in art?,Concluída
art,How to make money with art,Concluída
art,What are the main challenges in art?,Concluída
art,What is art?,Concluída
history,How does history impact society?,Concluída
history,Who are the leading experts in history?,Concluída
history,What are the main challenges in history?,Concluída
history,What is history?,Concluída
history,How to make money with history,Concluída
history,What are the latest news in history?,Concluída
music,How does music impact society?,Concluída
music,Who are the leading experts in music?,Concluída
music,How to make money with music,Concluída
music,What are the main challenges in music?,Concluída
music,What is music?,Concluída
music,What are the latest news in music?,Concluída
health,What is health?,Concluída
health,Who are the leading experts in health?,Concluída
health,How does health impact society?,Concluída
health,What are the latest news in health?,Concluída
health,How to make money with health,Concluída
health,What are the main challenges in health?,Concluída
anthropology,What are the latest news in anthropology?,Concluída
anthropology,What is anthropology?,Concluída
anthropology,How to make money with anthropology,Concluída
anthropology,How does anthropology impact society?,Concluída
anthropology,What are the main challenges in anthropology?,Concluída
anthropology,Who are the leading experts in anthropology?,Concluída
